# Host: 127.0.0.1  (Version: 5.6.13)
# Date: 2013-12-25 10:39:41
# Generator: MySQL-Front 5.3  (Build 4.75)

/*!40101 SET NAMES utf8 */;

#
# Structure for table "crm_roles"
#

DROP TABLE IF EXISTS `crm_roles`;
CREATE TABLE `crm_roles` (
  `role_id` int(11) NOT NULL AUTO_INCREMENT,
  `role_name` varchar(255) DEFAULT NULL,
  `enabled` tinyint(3) DEFAULT '1',
  PRIMARY KEY (`role_id`)
) ENGINE=MyISAM AUTO_INCREMENT=6 DEFAULT CHARSET=utf8;

#
# Data for table "crm_roles"
#

/*!40000 ALTER TABLE `crm_roles` DISABLE KEYS */;
INSERT INTO `crm_roles` VALUES (1,'超级管理员',1),(2,'管理员',0),(3,'经理',1),(4,'销售',1),(5,'客服',1);
/*!40000 ALTER TABLE `crm_roles` ENABLE KEYS */;

#
# Structure for table "crm_system"
#

DROP TABLE IF EXISTS `crm_system`;
CREATE TABLE `crm_system` (
  `sys_id` int(11) NOT NULL AUTO_INCREMENT,
  `sys_parent_id` int(11) DEFAULT '0',
  `sys_name` varchar(255) DEFAULT NULL,
  `sys_module` varchar(255) DEFAULT NULL,
  `sys_controller` varchar(255) DEFAULT NULL,
  `sys_action` varchar(255) DEFAULT NULL,
  `visiabled` tinyint(3) DEFAULT '1',
  `sys_order_id` int(11) NOT NULL DEFAULT '0',
  `enabled` tinyint(3) DEFAULT '1',
  PRIMARY KEY (`sys_id`)
) ENGINE=MyISAM AUTO_INCREMENT=93 DEFAULT CHARSET=utf8;

#
# Data for table "crm_system"
#

/*!40000 ALTER TABLE `crm_system` DISABLE KEYS */;
INSERT INTO `crm_system` VALUES (1,0,'系统管理',NULL,'','',1,100,1),(2,1,'用户管理','system','user','user_list',1,0,1),(3,1,'用户管理-添加','system','user','user_add',0,0,1),(4,1,'用户管理-编辑','system','user','user_edit',0,0,1),(5,1,'用户管理-删除','system','user','user_del',0,0,1),(6,1,'角色管理','system','user','role_list',1,0,1),(7,1,'角色管理-添加','system','user','role_add',0,0,1),(8,1,'角色管理-编辑','system','user','role_edit',0,0,1),(9,1,'角色管理-删除','system','user','role_del',0,0,1),(10,1,'系统模块管理','system','system','system_list',1,0,1),(11,1,'系统模块管理-添加','system','system','system_add',0,0,1),(12,1,'系统模块管理-编辑','system','system','system_edit',0,0,1),(13,1,'系统模块管理-删除','system','system','system_del',0,0,1),(14,0,'工作台',NULL,'','',1,0,1),(15,0,'营销',NULL,'','',1,0,1),(16,0,'销售自动化',NULL,'','',1,0,1),(17,0,'客户',NULL,'','',1,0,1),(18,0,'产品',NULL,'','',1,0,1),(19,0,'销售',NULL,'','',1,0,1),(20,0,'采购',NULL,'','',1,0,1),(21,0,'售后',NULL,'','',1,0,1),(22,0,'库存',NULL,'','',1,0,1),(23,0,'财务',NULL,'','',1,0,1),(24,0,'报表',NULL,'','',1,0,1),(25,14,'工作台',NULL,'','',1,0,1),(26,14,'公司平台',NULL,'','',1,0,1),(27,14,'日程安排',NULL,'','',1,0,1),(28,14,'公告',NULL,'','',1,0,1),(29,15,'营销活动',NULL,'','',1,0,1),(30,15,'群发短信',NULL,'','',1,0,1),(31,15,'群发邮件',NULL,'','',1,0,1),(32,15,'邮件模板',NULL,'','',1,0,1),(33,16,'关于SFA',NULL,'','',1,0,1),(34,16,'SFA工作台',NULL,'','',1,0,1),(35,16,'SFA序列',NULL,'','',1,0,1),(36,16,'执行日志',NULL,'','',1,0,1),(37,16,'方案设置',NULL,'','',1,0,1),(38,17,'客户',NULL,'','',1,0,1),(39,17,'联系人',NULL,'','',1,0,1),(40,17,'联系记录',NULL,'','',1,0,1),(41,17,'客户池',NULL,'','',1,0,1),(42,17,'纪念日',NULL,'','',1,0,1),(43,18,'产品',NULL,'','',1,0,1),(44,18,'产品分类',NULL,'','',1,0,1),(45,18,'产品序列号',NULL,'','',1,0,1),(46,18,'产品规格',NULL,'','',1,0,1),(47,18,'库位管理',NULL,'','',1,0,1),(48,18,'装配方案',NULL,'','',1,0,1),(49,18,'装配出入库单',NULL,'','',1,0,1),(50,19,'逍遥行',NULL,'','',1,0,1),(51,19,'销售导航',NULL,'','',1,0,1),(52,19,'销售机会',NULL,'','',1,0,1),(53,19,'销售漏斗',NULL,'','',1,0,1),(54,19,'报价单',NULL,'','',1,0,1),(55,19,'竞争对手',NULL,'','',1,0,1),(56,19,'合同订单',NULL,'','',1,0,1),(57,19,'发货单',NULL,'','',1,0,1),(58,19,'员工绩效',NULL,'','',1,0,1),(59,19,'销售目标',NULL,'','',1,0,1),(60,19,'销售退货单',NULL,'','',1,0,1),(61,20,'采购导航',NULL,'','',1,0,1),(62,20,'进货单',NULL,'','',1,0,1),(63,20,'供应商',NULL,'','',1,0,1),(64,20,'供应商联系记录',NULL,'','',1,0,1),(65,20,'供应商联系人',NULL,'','',1,0,1),(66,21,'客服控制台',NULL,'','',1,0,1),(67,21,'客服服务',NULL,'','',1,0,1),(68,21,'客户投诉',NULL,'','',1,0,1),(69,21,'常见问题',NULL,'','',1,0,1),(70,22,'库存导航',NULL,'','',1,0,1),(71,22,'入库单',NULL,'','',1,0,1),(72,22,'盘点',NULL,'','',1,0,1),(73,22,'库存余额',NULL,'','',1,0,1),(74,22,'初始化库存',NULL,'','',1,0,1),(75,22,'库间调拨',NULL,'','',1,0,1),(76,22,'库存流水帐',NULL,'','',1,0,1),(77,22,'库存台账',NULL,'','',1,0,1),(78,23,'财务导航',NULL,'','',1,0,1),(79,23,'应收款',NULL,'','',1,0,1),(80,23,'应付款',NULL,'','',1,0,1),(81,23,'收款单',NULL,'','',1,0,1),(82,23,'付款单',NULL,'','',1,0,1),(83,23,'往来账',NULL,'','',1,0,1),(84,23,'初期余额',NULL,'','',1,0,1),(85,23,'费用报销',NULL,'','',1,0,1),(86,23,'发票管理',NULL,'','',1,0,1),(87,24,'综合报表',NULL,'','',1,0,1),(88,24,'常用报表',NULL,'','',1,0,1),(89,24,'公司账户统计',NULL,'','',1,0,1),(90,24,'年终销售报表',NULL,'','',1,0,1),(91,1,'数据库管理/优化','system','system','dumpsql',1,0,1);
/*!40000 ALTER TABLE `crm_system` ENABLE KEYS */;

#
# Structure for table "crm_system_roles"
#

DROP TABLE IF EXISTS `crm_system_roles`;
CREATE TABLE `crm_system_roles` (
  `sr_id` int(11) NOT NULL AUTO_INCREMENT,
  `sr_sys_id` int(11) NOT NULL DEFAULT '0',
  `sr_role_id` int(11) NOT NULL DEFAULT '0',
  PRIMARY KEY (`sr_id`),
  UNIQUE KEY `sr_sys_id` (`sr_sys_id`,`sr_role_id`)
) ENGINE=MyISAM AUTO_INCREMENT=940 DEFAULT CHARSET=utf8;

#
# Data for table "crm_system_roles"
#

/*!40000 ALTER TABLE `crm_system_roles` DISABLE KEYS */;
INSERT INTO `crm_system_roles` VALUES (372,14,3),(373,25,3),(374,26,3),(375,27,3),(376,28,3),(377,15,3),(378,29,3),(379,30,3),(380,31,3),(381,32,3),(382,16,3),(383,33,3),(384,34,3),(385,35,3),(386,36,3),(387,37,3),(388,17,3),(389,38,3),(390,39,3),(391,40,3),(392,41,3),(393,42,3),(394,18,3),(395,43,3),(396,44,3),(397,45,3),(398,46,3),(399,47,3),(400,48,3),(401,49,3),(402,19,3),(403,50,3),(404,51,3),(405,52,3),(406,53,3),(407,54,3),(408,55,3),(409,56,3),(410,57,3),(411,58,3),(412,59,3),(413,60,3),(414,20,3),(415,61,3),(416,62,3),(417,63,3),(418,64,3),(419,65,3),(420,21,3),(421,66,3),(422,67,3),(423,68,3),(424,69,3),(425,22,3),(426,70,3),(427,71,3),(428,72,3),(429,73,3),(430,74,3),(431,75,3),(432,76,3),(433,77,3),(434,23,3),(435,78,3),(436,79,3),(437,80,3),(438,81,3),(439,82,3),(440,83,3),(441,84,3),(442,85,3),(443,86,3),(444,24,3),(445,87,3),(446,88,3),(447,89,3),(448,90,3),(467,16,4),(468,33,4),(469,34,4),(470,35,4),(471,36,4),(472,37,4),(473,19,4),(474,50,4),(475,51,4),(476,52,4),(477,53,4),(478,54,4),(479,55,4),(480,56,4),(481,57,4),(482,58,4),(483,59,4),(484,60,4),(485,21,4),(486,66,4),(487,67,4),(488,68,4),(489,69,4),(763,14,1),(764,25,1),(765,26,1),(766,27,1),(767,28,1),(768,15,1),(769,29,1),(770,30,1),(771,31,1),(772,32,1),(773,16,1),(774,33,1),(775,34,1),(776,35,1),(777,36,1),(778,37,1),(779,17,1),(780,38,1),(781,39,1),(782,40,1),(783,41,1),(784,42,1),(785,18,1),(786,43,1),(787,44,1),(788,45,1),(789,46,1),(790,47,1),(791,48,1),(792,49,1),(793,19,1),(794,50,1),(795,51,1),(796,52,1),(797,53,1),(798,54,1),(799,55,1),(800,56,1),(801,57,1),(802,58,1),(803,59,1),(804,60,1),(805,20,1),(806,61,1),(807,62,1),(808,63,1),(809,64,1),(810,65,1),(811,21,1),(812,66,1),(813,67,1),(814,68,1),(815,69,1),(816,22,1),(817,70,1),(818,71,1),(819,72,1),(820,73,1),(821,74,1),(822,75,1),(823,76,1),(824,77,1),(825,23,1),(826,78,1),(827,79,1),(828,80,1),(829,81,1),(830,82,1),(831,83,1),(832,84,1),(833,85,1),(834,86,1),(835,24,1),(836,87,1),(837,88,1),(838,89,1),(839,90,1),(840,1,1),(841,2,1),(842,3,1),(843,4,1),(844,5,1),(845,6,1),(846,7,1),(847,8,1),(848,9,1),(849,10,1),(850,11,1),(851,12,1),(852,13,1),(853,91,1),(854,14,2),(855,25,2),(856,26,2),(857,27,2),(858,28,2),(859,15,2),(860,29,2),(861,30,2),(862,31,2),(863,32,2),(864,16,2),(865,33,2),(866,34,2),(867,35,2),(868,36,2),(869,37,2),(870,17,2),(871,38,2),(872,39,2),(873,40,2),(874,41,2),(875,42,2),(876,18,2),(877,43,2),(878,44,2),(879,45,2),(880,46,2),(881,47,2),(882,48,2),(883,49,2),(884,19,2),(885,50,2),(886,51,2),(887,52,2),(888,53,2),(889,54,2),(890,55,2),(891,56,2),(892,57,2),(893,58,2),(894,59,2),(895,60,2),(896,20,2),(897,61,2),(898,62,2),(899,63,2),(900,64,2),(901,65,2),(902,21,2),(903,66,2),(904,67,2),(905,68,2),(906,69,2),(907,22,2),(908,70,2),(909,71,2),(910,72,2),(911,73,2),(912,74,2),(913,75,2),(914,76,2),(915,77,2),(916,23,2),(917,78,2),(918,79,2),(919,80,2),(920,81,2),(921,82,2),(922,83,2),(923,84,2),(924,85,2),(925,86,2),(926,24,2),(927,87,2),(928,88,2),(929,89,2),(930,90,2),(931,1,2),(932,2,2),(933,3,2),(934,4,2),(935,10,2),(936,11,2),(937,12,2),(938,13,2),(939,91,2);
/*!40000 ALTER TABLE `crm_system_roles` ENABLE KEYS */;

#
# Structure for table "crm_users"
#

DROP TABLE IF EXISTS `crm_users`;
CREATE TABLE `crm_users` (
  `user_id` mediumint(8) unsigned NOT NULL AUTO_INCREMENT,
  `email` varchar(60) NOT NULL DEFAULT '',
  `user_name` varchar(60) NOT NULL DEFAULT '',
  `password` varchar(32) NOT NULL DEFAULT '',
  `question` varchar(255) NOT NULL DEFAULT '',
  `answer` varchar(255) NOT NULL DEFAULT '',
  `sex` tinyint(1) unsigned NOT NULL DEFAULT '0',
  `birthday` date NOT NULL DEFAULT '0000-00-00',
  `address_id` mediumint(8) unsigned NOT NULL DEFAULT '0',
  `reg_time` datetime DEFAULT NULL,
  `last_login` int(11) unsigned NOT NULL DEFAULT '0',
  `last_time` datetime NOT NULL DEFAULT '0000-00-00 00:00:00',
  `last_ip` varchar(15) NOT NULL DEFAULT '',
  `visit_count` smallint(5) unsigned NOT NULL DEFAULT '0',
  `is_special` tinyint(3) unsigned NOT NULL DEFAULT '0',
  `msn` varchar(60) NOT NULL,
  `qq` varchar(20) NOT NULL,
  `office_phone` varchar(20) NOT NULL,
  `home_phone` varchar(20) NOT NULL,
  `mobile_phone` varchar(20) NOT NULL,
  `is_validated` tinyint(3) unsigned NOT NULL DEFAULT '0',
  `passwd_question` varchar(50) DEFAULT NULL,
  `passwd_answer` varchar(255) DEFAULT NULL,
  `enabled` tinyint(3) unsigned NOT NULL DEFAULT '1',
  `role_id` int(11) NOT NULL DEFAULT '0',
  PRIMARY KEY (`user_id`),
  UNIQUE KEY `user_name` (`user_name`),
  KEY `email` (`email`)
) ENGINE=MyISAM AUTO_INCREMENT=10009 DEFAULT CHARSET=utf8;

#
# Data for table "crm_users"
#

/*!40000 ALTER TABLE `crm_users` DISABLE KEYS */;
INSERT INTO `crm_users` VALUES (10006,'c@c.com','admin','e10adc3','','',0,'2013-12-17',0,'2013-12-17 15:33:25',1,'2013-12-25 10:30:59','127.0.0.1',183,0,'','','','','',0,'','',1,1),(10007,'c@c.com','admin2','e10adc3','','',0,'2013-12-17',0,'2013-12-17 15:45:25',0,'0000-00-00 00:00:00','',0,0,'','','','','',0,'','',1,2),(10008,'c@c.com','user','ee11cbb','','',0,'2013-12-23',0,'2013-12-23 16:41:55',1,'2013-12-23 19:20:09','127.0.0.1',17,0,'','','','','',0,'','',1,3);
/*!40000 ALTER TABLE `crm_users` ENABLE KEYS */;
